"ss.keyword: Descending",Count
"01#RWEB#DeclarationRessource#traitementJustif#DEF#TR",715423
"01#TGED#GED#Docs#1.0#TR",396170
"01#GRAL#Batch#Activite#V1#TR",274854
"01#RWEB#Divers#traiteDde#DEF#TR",265597
"01#GRAL#Batch#MKTAction#V1#TR",82469
"01#GRAL#Batch#MKTInteraction#V1#TR",82460
"01#GGMG#FrontSearch#accesInfos#V1#TR",47073
"01#KNSO#ServiceOrper#Generique##TR",32404
"01#RVQA#Personnes#Consultation#V1#TR",31132
"99#CORP#Ebx#readAll##TR",26393
"01#RVQC#Contrats#Consultation#V1#TR",24057
"01#KNSM#AppelService#Appel#V1#TR",22966
"01#CCID#tradIdent###TR",22692
"01#KNSO#ServiceOrper#IdentificationSS#V2#TR",20058
"01#KNSO#ServiceOrper#Section#V1#TR",20058
"01#VMIR#mutationVitale#consulter#V1#TR",16828
"01#VMIR#mutationVitale#muter#V1#TR",15550
"01#KNSM#ServicePivot#Interrogation#V13.01#TR",14850
"01#VSVI#IdentificationFamCH#identifierFamille#V1#TR",13772
"01#GABO#Abonnement#consulterAbonnement#V1#TR",13182
"01#KDMO#D008###TR",13027
"01#NAIA#REFERENTIEL#presencePersonne#1#TR",12011
"01#GRPG#Authentification#authentificationSSO#1.0#TR",11887
"01#IESD#SuiviDemandes#creerDemande#V1#TR",11833
"01#IEST#IEST_IMPR#DepotMessage#V1#TR",11645
"01#RVQZ#Demande#Consultation#V1#TR",11250
"01#CORP#Ebx#readAll##TR",11086
"01#HNSO#AppelService#Appel#V1#TR",10978
"01#NCIS#ServiceExterne#DemandePS#1#TR",10896
"01#LCNV#CV901#02#DEF#TR",10735
"21#KNSM#AppelService#Appel#V1#TR",10298
"21#KNSM#ServiceEAI#Emettre#V1#TR",10141
"21#CEGA#Evenement#ReceptEvtEAI#V1#TR",10041
"21#CEAI#KCTR_IORE#DepotMessage#V1#TA",10039
"21#RTRA#RTRA4S#TRACE#V1#TR",10039
"01#KNSM#ServicePivot#Interrogation#V1#TR",9342
"01#CEGA#Evenement#ReceptEvtEAI#V1#TR",9105
"01#KPEP#ServicePersonne#RechPers#V1#TR",8974
"01#MCOI#DEF#ORDORC#V1#TR",8971
"01#RVQD#Droits#Consultation#V1#TR",8717
"01#GCAM#simulation#eligibilite#V1#TR",8295
"21#CCID#tradIdent###TR",8227
"01#RVQB#Creances#Consultation#V1#TR",6996
"01#MCOI#SERVICEPIVOT#INTERNET#DEF#TR",6941
"01#RVQE#Demande#Consultation#V1#TR",6632
"01#IEDN#Communication#ImpressionCentrale#V1#TR",6601
"01#IEDN#Communication#ImpressionCentrale#V1#BF",6574
"01#ACIN#Correction#GetListeDossiers#1.0#TR",6524
"01#ACIN#Supervision#GetListeDossiers#1.0#TR",6524
"01#GABO#Abonnement#consulterCatalogue#V1#TR",6197
"01#GRPG#GestionCompte#recupInfoRsrcPart#1.0#TR",5996
"01#MCOT#MCOR#CALCUL_COT#NO15#TR",5967
"20#CSEC#authentification#identificationUtl#DEF#TR",5768
"01#GRPG#Reference#verifExistenceRefSSO#1.0#TR",5730
"01#GRPG#Token#genererToken#1.0#TR",5658
"01#NGTA#CONSULTATION#online_consult#1#TR",5317
"21#RUNI#adrBanqueGuichet#getAdrBanqueGuichet#V2#TR",5275
"01#IEDN#Communication#ImpressionCentrale#V2#TR",5203
"01#IEDN#Communication#ImpressionCentrale#V2#BF",5180
"01#GCAM#devis#existeDevis#V1#TR",4609
"01#KNSO#ServiceOrper#Offre#V1#TR",4415
"01#GRPG#MGENConnect#verifierExistenceCpt#V1#TR",4289
"21#GGFT#ORPER#enregtInfo#V1#TR",4188
"01#MCOI#DEF#COTP#DEF#TR",3967
"01#CEAI#MCOT_ICOE#DepotMessage#V1#TA",3960
"01#MPRJ#AppelService#RechercheSsDossier#V1#TR",3733
"01#KNSO#ServiceComposite#Identpersonne#V1#TR",3701
"21#KNSO#ServiceOrper#Generique##TR",3552
"21#KNSM#ServicePivot#Interrogation#V1#TR",3503
"01#CSEC#authentification#identificationUtl#DEF#TR",3390
"01#TGED#GED#DocsAdherent#1.0#TR",2897
"01#NGTA#SUPERVISION#srvc_ping#1#TR",2872
"01#TOTP#OdsService#createDataTampon#V1#TR",2860
"01#MGFS#MCOTServices#Detail_Pieces#V1#TR",2854
"01#RTRA#RTRA4S#TRACE#V1#TR",2728
"01#MDSC#DADS#Eligibilite#V1#TR",2509
"01#MPRJ#AppelService#RechListeFamille#V1#TR",2482
"01#SBSE#RWEB#gateStatus#V1#TR",2459
"01#KRUS#ServiceDynamique#OrgParAdm#V1#TR",2413
"01#RELM#Employeur#getStructure#V1#TR",2346
"20#CORP#Ebx#readAll##TR",2332
"01#GSEC#ConsoOrper#ReceptionEvtEsb#V1#TR",2263
"01#KPEP#KpepConsoGsec#ReceptionEvtGsec#V1#TR",2257
"01#GGFT#ORPER#enregtInfo#V1#TR",2216
"01#RCCE#OrperConsoweb#ReceptionEvtEAI#v01#TR",2207
"01#NAIA#AIA#synchroPersonne#1#TR",2199
"01#RUNI#adrBanqueGuichet#getAdrBanqueGuichet#V2#TR",2113
"01#AGDI#EAI#receptionEai#V1.0#TR",2039
"01#MPRC#MPRC2S#DEF#1#TR",1960
"01#MCOI#DEF#ORDO#V1#TR",1952
"01#KRNI#EAI#receptionMessage#V1#TR",1951
"01#MGFS#MCOTServices#Detail_Recouvr#V1#TR",1918
"01#KNSM#ServicePivot#Interrogation##TR",1868
"01#MPRJ#AppelService#RechListeParticipant#V1#TR",1867
"01#MPRJ#AppelService#RechercheDossier#V1#TR",1864
"01#RWEB#Notification#getListePopups#1.0#TR",1855
"01#MCOI#DEF#DEF#DEF#TR",1705
"01#LAMC#LPPS#DonneesPSRequest#DEF#TR",1651
"21#KBEN#serviceBenef#lireDroitRc#V1#TR",1651
"21#KBEN#serviceBenef#lireDroitRo#V1#TR",1651
"01#KBEN#serviceBenef#lireDroitRc#V1#TR",1649
"01#KBEN#serviceBenef#lireDroitRo#V1#TR",1649
"01#GSVI#CEAM#Supervision#V1#TR",1647
"01#KDMO#D023CLONE#01#V1#TR",1647
"01#RWEB#MedecinTraitant#getMedecinTraitant#1.0#TR",1632
"01#GPDS#InterrogationSI#AccesInfosSanteResp#V1#TR",1629
"21#MCOI#DEF#ORDORC#V1#TR",1559
"01#SBSE#SPPA#DEF#DEF#TR",1467
"21#KNSO#ServiceOrper#Offre#V1#TR",1461
"01#RWEB#EAI#ReceptionEvenement#V1#TR",1460
"21#KNSO#ServiceComposite#Identpersonne#V1#TR",1429
"21#CORP#Ebx#readAll##TR",1428
"01#CSEC#authentification#authentificationUniq#DEF#TR",1410
"01#RELM#Ministere#getStructure#V1#TR",1404
"01#KRUS#ServiceDynamique#Administrative#V1#TR",1373
"21#MCOI#DEF#DEF#DEF#TR",1373
"01#GSVA#V360#Synthese#V1#TR",1341
"01#KRUS#ServiceDynamique#AdmParOrg#V1#TR",1303
"21#KNSO#ServiceOrper#IdentificationSS#V2#TR",1290
"21#KNSO#ServiceOrper#Section#V1#TR",1290
"01#MPRJ#AppelService#RechListeCot#V1#TR",1236
"01#GRAL#XMLTOSOAP#DEF#DEF#TR",1172
"21#KDMO#D008CLONE#01#V1#TR",1162
"01#RWEB#GestionCompte#envoyerEmailRA#V1#TR",1145
"01#RWEB#BilanPrestaEspeces#getUrlBilanAdherent#1.0#TR",1126
"01#KNSM#ServiceEAI#Emettre#V1#TR",1122
"01#NIET#EDITIQUE#controleFlux#1#TR",1078
"01#VSVS#SuiviDemandeCarte#statutCarte#V1#TR",1052
"01#CEDC#Connecteur#DemandeEdition_24_7#V1#TR",1050
"01#CEAI#KCTR_IORE#DepotMessage#V1#TA",1027
"01#RGCE#ServiceEditique#FluxInjectionCedc#V1#TR",1008
"01#CEDC#Connecteur#DemandeEdition#V1#TR",998
"04#RGID#retourtrtflux#traitementFlux#DEF#TA",917
"04#RGID#retourtrtflux#traitementFlux#DEF#TR",917
"01#GRAL#XMLTOSOAP#DEF#DEF#TA",904
"01#RELM#Lieuexercice#getStructure#V1#TR",887
"01#GCAM#aideAuChoix#prospect#V1#TR",867
"01#RWEB#YSEOP#getThemeEligible#1.0#TR",861
"01#KDMO#D007#01##TR",855
"01#RWEB#Remboursement#rechercheRembPageAcc#1.0#TR",845
"01#RWEB#InfosCompte#determineTypeCompte#1.0#TR",806
"01#RWEB#YSEOP#recupInfoAdherents#2.0#TR",793
"21#MCOI#DEF#DEFDATA#DEF#TR",784
"01#GCAM#aideAuChoix#changementOffre#V1#TR",781
"01#RWEB#Authentification#recupProfilAdherent#1.0#TR",773
"01#GCAM#simulation#generique#V1#TR",759
"21#HNSO#AppelService#Appel#V1#TR",720
"01#RWEB#DemarcheEnLigne#recuperer#1.0#TR",713
"01#RDAP#recherche#RMID#DEF#TR",708
"01#MGFS#MCOTServices#Synth_Ctr#V1#TR",698
"01#KNSM#ServiceEAI#Recevoir#V1#TR",683
"01#CEDC#Connecteur#DemandeEdition_Raf#V1#TR",673
"01#RWEB#Authentification#verifEtatCompte#1.0#TR",665
"01#KPSO#MajSuiviDemande#01#DEF#TR",659
"01#SBSE#KPSO#DepotMessage##TA",659
"21#RHAB#Habilitation#getRhabHabilitation##TR",656
"21#MCOI#DEF#ORDO#V1#TR",654
"01#CEAI#RWEB_IWEE#DepotMessage#V1#TA",639
"01#RWEB#MessagerieEnLigne#recupererMessages#1.0#TR",622
"01#MPRJ#AppelService#ConsulterEvenement#V1#TR",618
"01#MPRJ#AppelService#RechListEvenDoss#V1#TR",618
"01#RHAB#Habilitation#getRhabHabilitation##TR",608
"01#RWEB#Reclamation#recupererRecla#1.0#TR",604
"01#KDMO#D007#03##TR",595
"01#RWEB#Notification#getListeInfoBandeau#1.0#TR",594
"01#RWEB#WebCallback#gateStatus#1.0#TR",548
"01#RWEB#RembsmtPrevoyance#getListeAccueil#1.0#TR",542
"01#RWEB#AjoutBeneficiaire#recupBeneficiaires#1.0#TR",540
"04#RGID#retourtrtflux#traitementFlux##TA",539
"04#RGID#retourtrtflux#traitementFlux##TR",539
"01#SBSE#PTAE#getCriteria#V1#TR",535
"01#RWEB#ExoTm#getExoTm#1.0#TR",521
"01#KDMO#D007#09##TR",490
"01#RPEP#CreateCase#DEF#V1#TR",480
"01#KPEP#ServicePersonne#RechPersApproch#V1#TR",463
"01#RQAS#AdresseFR#verifier#V1#TR",433
"01#GRPG#GestionCompte#recupererInfoCptSSO#1.0#TR",412
"21#CEAI#MCOT_ICOE#DepotMessage#V1#TA",408
"21#MCOI#DEF#COTP#DEF#TR",408
"01#RQAP#AdresseFR#verifier#V1#TR",407
"01#NCIS#ServiceExterne#DossierPS#1#TR",401
"01#RUNI#adrBanqueGuichet#getAdrBanqueGuichet#V3#TR",379
"01#FMDT#ServiceMandat#rechercher#V1#TR",356
"01#GSEC#ServiceExterne#creationPersonne#V1#TR",356
"01#RVQZ#Demande#Alimentation#V1#TR",356
"01#SBSE#GTDD#DepotMessage#V1#TA",350
"01#AGDI#Services#indicateurMilitant#1.0#TR",343
"01#GRPG#QuestionSecrete#getQuestsSecretes#1.0#TR",333
"01#RWEB#Cotisations#recupererCotisations#1.0#TR",329
"01#GRPG#MGENConnect#creationCompteAuto#V1#TR",320
"01#GRPG#GestionCompte#validerEmailSSO#1.0#TR",315
"01#GCAM#simulation#efficienceSante#V1#TR",299
"04#RGID#traduction###TR",299
"01#GSEC#Recyclage#Recycler#V1#TR",292
"01#RVQE#Demande#Alimentation#V1#TA",288
"01#RVQE#Demande#Alimentation#V1#TR",288
"01#RGAG#Reclamations#ReservationAffaires#V1#TR",277
"01#GCAM#devis#genereDevis#V1#TR",271
"01#NGTA#MAJ_PERSONNE#ModifyPerson2#1#TR",271
"04#RDAP#ProvisioningLDAP#GGFT#DEF#TA",261
"04#RDAP#ProvisioningLDAP#GGFT#DEF#TR",261
"04#RDAP#ProvisioningLDAP#NAIA#DEF#TA",261
"04#RDAP#ProvisioningLDAP#NAIA#DEF#TR",261
"04#RDAP#ProvisioningLDAP#RMID#DEF#TA",261
"04#RDAP#ProvisioningLDAP#RMID#DEF#TR",261
"21#KIBC#infoBenef#rechercherIndividus#V1#TR",259
"01#RQAP#Telephone#verifier#V1#TR",258
"01#SBSE#DOD_CapPhone#processPhoneFlow#V1#TR",258
"21#KPSO#MajSuiviDemande#01#DEF#TR",258
"21#SBSE#KPSO#DepotMessage#DEF#TA",258
"01#RELM#Employeur#getFiche#V1#TR",246
"01#LCNV#CV901#01#DEF#TR",244
"01#GVOC#Service#RelanceDevis#1.0#TR",239
"01#SBSE#GVOC_VOCAL#addClients#V1#TR",239
"01#RWEB#Adhesion#adhererOffre#1.0#TR",231
"01#GVOC#Service#RelanceDevis#1.0#TA",228
"01#KDMO#D008CLONE#01#V1#TR",227
"01#RVQB#Creances#AlimGaiac#V1#TA",227
"01#RVQB#Creances#AlimGaiac#V1#TR",227
"01#KRUS#ServiceDynamique#Organisationnelle#V1#TR",220
"01#KPEP#Pactable#InterroPac#V1#TR",217
"01#NSPV#SUPERVISION#lireSupervision#1#TR",216
"01#RWEB#BoutiqueEnLigne#generiqueSimulation#1.0#TR",214
"01#GSEC#ConsoOrper#ReceptionKroouvRCCE#V1#TR",209
"01#KPEP#ServicePersonne#RechListIdPers#V1#TR",209
"01#KDMO#TW002#DEF#V1#TR",205
"21#KDMO#D008###TR",189
"01#RWEB#Beneficiaire#getBeneficiaires#1.0#TR",185
"01#RWEB#SituationPro#recuperer#1.0#TR",184
"01#RUNI#ctrlIBAN#getCtrlIBAN#V1#TR",167
"04#RHAB#IdentiteDroit##DEF#TA",167
"04#RHAB#IdentiteDroit##DEF#TR",167
"01#KPEP#Doublon#CtrDoublon#V1#TR",165
"01#RUNI#adrBanqueGuichet#getAdrBanqueGuichet#V1#TR",159
"21#KRNI#EAI#receptionMessage#V1#TR",159
"01#GRPG#Token#supprimerToken#1.0#TR",158
"01#GRPG#MGENConnect#identification#V1#TR",154
"01#KRUS#ServiceDynamique#LienMetier#V1#TR",152
"01#RWEB#BoutiqueEnLigne#getNiveauxCouv#1.0#TR",149
"01#GRPG#Consentement#consultConsent#1.0#TR",146
"01#RGID#recherchePersonne#parMatricule#DEF#TR",146
"01#GROL#Services#LieuxParAgent#V1#TR",144
"04#RDAP#ProvisioningLDAP#LSWM#DEF#TA",131
"04#RDAP#ProvisioningLDAP#LSWM#DEF#TR",131
"04#RDAP#ProvisioningLDAP#RADM#DEF#TA",131
"04#RDAP#ProvisioningLDAP#RADM#DEF#TR",131
"04#RDAP#ProvisioningLDAP#RPOW#DEF#TA",131
"04#RDAP#ProvisioningLDAP#RPOW#DEF#TR",131
"04#RDAP#ProvisioningLDAP#TCOG#DEF#TA",131
"04#RDAP#ProvisioningLDAP#TCOG#DEF#TR",131
"01#KNSO#ServiceOrper#EtatCivil#V1#TR",128
"01#KNSO#ServiceExterne#InternetId#V2#TR",125
"01#KNSO#ServiceExterne#InternetInfo#V2#TR",125
"01#KNSO#ServiceOrper#ContratCollectif#V1#TR",125
"01#RGID#retourtrtflux#traitementFlux#DEF#TA",119
"01#RGID#retourtrtflux#traitementFlux#DEF#TR",119
"21#MCOT#MCOR#CALCUL_COT#NO15#TR",114
"01#IEDN#Communication#SMS#V1#TR",110
"01#NACN#CNP_NET#ouvrirDossierCNP#1#TR",110
"01#SBSE#NACN_ADHEL#TransmettreDossier#V1#TR",105
"04#SGLG#Modification#AttribuerLid#DEF#TR",103
"01#GRPG#MGENConnect#profil#V1#TR",102
"01#RGCE#ServiceEditique#CoopGeremi#V1#TR",102
"01#RWEB#Remboursement#rechBenefPossibles#1.0#TR",100
"01#RWEB#BoutiqueEnLigne#parcoursDecouverte#1.0#TR",98
"21#FMDT#ServiceMandat#rechercher#V1#TR",98
"01#GRPG#Token#verifierToken#1.0#TR",95
"01#KDMO#D012#01##TR",95
"01#KNSO#ServiceOrper#Activite#V1#TR",95
"01#KNSO#ServiceOrper#CodificationRef#V1#TR",95
"01#RUNI#ctrlBanqueGuichet#getCtrlBanqueGuichet#V1#TR",95
"01#IEST#IEST_SMS#DepotMessage#V1#TR",94
"01#RELM#Lieuexercice#getFiche#V1#TR",92
"01#RWEB#GestionCompte#genereMdpTemp#V1#TR",90
"01#GRAL#ValidateSelling#DEF#1.0#TR",89
"01#GSEC#WsPega#ValidateSelling#V1#TR",89
"01#GCAM#comparateur#tarificationMT#V1#TR",86
"01#LCNV#CV901#04#DEF#TR",86
"01#GRPG#MGENConnect#controle#V1#TR",85
"01#KSNP#ServiceKSNP#rechercheStatut#V1#TR",81
"01#KNSO#ServiceExterne#InternetInfoAdr#V1#TR",80
"01#GCAM#simulation#assuranceHabitat#V1#TR",79
"01#RGCE#ServiceEditique#FluxInternet#V1#TR",78
"01#RWEB#DemandeRembsmt#getInfosAutoLiq#1.0#TR",77
"21#KSNP#ServiceKSNP#rechercheStatut#V1#TR",72
"01#CORP#Ebx#readAll#DEF#TR",70
"01#TGED#GED#DocLibelles#1.0#TR",70
"01#RELM#Ministere#getMinisteres#V1#TR",69
"01#RWEB#InfosCompte#presenceCompte#1.0#TR",69
"01#KDMO#TW003#DEF#V1#TR",68
"01#RWEB#DemandeRembsmt#listeTypeSoins#1.0#TR",68
"00#CORP#Ebx#readAll##TR",67
"01#KPEP#ServicePersonne#CreaPers#V1#TR",67
"01#RVQC#Contrats#AlimGaiac#V1#TA",67
"01#RWEB#MessagerieEnLigne#recupererBrouillons#1.0#TR",67
"01#RWEB#Opam#consultDerniereDecla#1.0#TR",67
"01#GCAM#simulation#complementAutonomie#V2#TR",65
"01#GSEC#WsGeremi#UpdateEntity#V1#TR",65
"01#KNSO#ServiceComposite#IdentDomBancaire#V1#TR",65
"01#VSCC#DemandeCarteCeam#calculerEligibilite#V1#TR",63
"01#IEST#IEST_PVSU#DepotMessage#V1#TR",60
"01#KMOB#MobiliteBancaire#acquittementMandat#V1#TR",60
"01#GRPG#Reference#verifierNoIdeValide#1.0#TR",59
"01#RWEB#ModificationCompte#modifAdrGetInfoAdh#1.0#TR",58
"01#RWEB#Cotisations#getMontantCotisMens#1.0#TR",56
"01#RWEB#Garanties#getRappelOffre#1.0#TR",56
"21#KNSM#ServicePivot#Interrogation##TR",56
"01#GCAM#simulation#sollicitudes#V1#TR",55
"01#KDMO#D006#01##TR",55
"01#GSVA#V360#DetailsDocuments#V1#TR",54
"04#SGLG#Modification#DesattribuerLid#DEF#TR",54
"21#KDMO#TW002#DEF#V1#TR",54
"21#LCNV#CV901#02#DEF#TR",54
"01#KNSO#ServiceExterne#SGInfo#V1#TR",53
"01#RSIG#Services#VisionAdh#1.0#TR",53
"01#RVQC#Contrats#AlimGaiac#V1#TR",53
"01#GSVA#V360#InfoPersonne#V1#TR",51
"01#RWEB#PaiementEnLigne#consultPaiementMixte#1.0#TR",51
"01#TGED#GED#DocReference#1.0#TR",51
"01#GRPG#QuestionSecrete#getQuestSecDebloCpt#1.0#TR",49
"01#IETC#AbonnementEden#Reception#V1#TR",48
"01#NCIS#ServiceExterne#SitGlobInfo#1#TR",48
"01#RWEB#PaiementEnLigne#creerMandat#1.0#TR",47
"01#RWEB#PaiementEnLigne#getInfosPrelevement#1.0#TR",47
"01#NAIA#ORPER#lirePersonne#5#TR",43
"01#KDMO#D061#02##TR",42
"01#NGTA#CONSULTATION#person_prod_data#1#TR",42
"21#KRNI#Interrogation#getInformation#V1#TR",42
"01#GCAM#simulation#oji#V1#TR",40
"21#RELM#Employeur#getStructure#V1#TR",40
"01#KDMO#D108#01#V1#TR",39
"01#MCOI#SERVICEPIVOT#INTEXT#DEF#TR",39
"01#RGID#rechercheCentres#rechercheCentres#V01#TR",39
"01#RISE#Signature#signInDirectMode#V1#TR",39
"21#CSEC#authentification#identificationUtl#DEF#TR",39
"01#GRPG#DoubleAuth#verifierIdentite#1.0#TR",38
"01#IEDN#Parametrage#Modele#V1#TR",37
"01#KDMO#D108#02#V1#TR",37
"01#RWEB#Coordonnee#recupAdresses#1.0#TR",37
"01#RWEB#DomBancaire#getListeDomBanc#2.0#TR",37
"01#MCOI#SERVICEPIVOT#GAIAC#V1#TR",34
"01#GCAM#devis#rechercheDevis#V1#TR",33
"01#GRPG#AdresseMail#prepMdfMailconnexion#1.0#TR",33
"01#GRPG#Consentement#getListConsentements#1.0#TR",32
"01#NACN#CNP_NET#lireDecisionCNP#1#TR",32
"01#RADH#AdhesionFilia#ReceptionRADHES#V1#TR",32
"01#KRUS#ServiceDynamique#LienERMSD#V1#TR",31
"01#SBSE#NACN_ADHEL#ConsulterAssurance#V1#TR",31
"21#RUNI#adrBanqueGuichet#getAdrBanqueGuichet#V3#TR",31
"01#KDMO#D007#12##TR",30
"01#KPEP#VueFoyer#VueFoyer#V1#TR",30
"01#NGTA#CONSULTATION#srvc_ping#1#TR",30
"01#SBSE#RWEB_VACCINS#ListerCarnets#V1#TR",30
"01#GRPG#GestionCompte#creerCompteSSO#1.0#TR",29
"01#GMKT#GMKT_OLIVE#Recuperation#V1#TR",28
"01#GRPG#MGENConnect#recupInfoCptRASM#V1#TR",28
"01#IESD#SuiviDemandes#rechercherDemandes#V1#TR",28
"01#KDMO#D106#04#V1#TR",28
"01#RUNI#Convertisseur#getRIBenIBAN#V1#TR",28
"01#RWEB#InfosCompte#verifierCptAppairage#1.0#TR",28
"01#RWEB#PieceJointe#getPJAdherent#1.0#TR",28
"01#RWEB#PieceJointe#getReferentielDocPJ#1.0#TR",28
"21#CEDC#Connecteur#DemandeEdition#V1#TR",28
"21#CORP#Ebx#readAll#DEF#TR",28
"21#KDMO#D108#01#V1#TR",28
"21#KNSM#ServicePivot#Interrogation#V13.01#TR",28
"01#RWEB#SituationPro#changer#1.0#TR",26
"01#KDMO#D051#03#V1#TR",25
"01#RWEB#CampagnePrevention#getPriseEnCharge#1.0#TR",25
"01#GRPG#MGENConnect#verifCptRecupQS#V1#TR",23
"01#NIET#EDITIQUE#soumetFlux#1#TR",23
"01#RWEB#GedUrlPdf#getUrlPdf#1.0#TR",23
"01#GRPG#GestionCompte#verifExistCptRefSSO#1.0#TR",22
"01#KNSM#ServicePivot#Controle#V1#TR",22
"01#RPAI#notification#getNotifPaiement#V1#TA",22
"01#RPAI#notification#getNotifPaiement#V1#TR",22
"01#RWEB#PieceJointe#ajouterPJAdherent#1.0#TR",22
"20#KDMO#D008###TR",22
"01#GCAM#devis#genereDevis#V2#TR",21
"01#GCAM#simulation#rassurcap#V1#TR",21
"01#GRPG#AdresseMail#validerNouvelEmail#1.0#TR",21
"01#RWEB#ControleSurface#controleAdresse#1.0#TR",21
"01#RGID#retourtrtflux#traitementFlux##TA",20
"01#RGID#retourtrtflux#traitementFlux##TR",20
"01#RWEB#MessagerieEnLigne#enregBrouillonMsg#1.0#TR",20
"21#CAUL#Tracabilite#putTraceLancement#DEF#TR",20
"21#KDMO#TW003#DEF#V1#TR",20
"01#GRPG#Consentement#inscriptionConsent#1.0#TR",19
"01#KDMO#D111#01#V1#TR",19
"01#KNSO#ServiceOrper#Generique#V1#TR",19
"01#RWEB#ChangementOffre#chgtOffreMspPar#1.0#TR",19
"01#RDAP#ProvisioningLDAP#GGFT#DEF#TA",18
"01#RDAP#ProvisioningLDAP#GGFT#DEF#TR",18
"01#RDAP#ProvisioningLDAP#NAIA#DEF#TA",18
"01#RDAP#ProvisioningLDAP#NAIA#DEF#TR",18
"01#RDAP#ProvisioningLDAP#RMID#DEF#TA",18
"01#RDAP#ProvisioningLDAP#RMID#DEF#TR",18
"01#RWEB#DemandeRembsmt#getProfilRembsmt#1.0#TR",18
"01#RWEB#SignatureElec#envoyerCodeSMSEden#1.0#TR",18
"01#KRNI#Interrogation#getInformation#V1#TR",17
"01#RDAP#ProvisioningLDAP#LSWM#DEF#TA",17
"01#RDAP#ProvisioningLDAP#LSWM#DEF#TR",17
"01#RDAP#ProvisioningLDAP#RADM#DEF#TA",17
"01#RDAP#ProvisioningLDAP#RADM#DEF#TR",17
"01#RDAP#ProvisioningLDAP#RPOW#DEF#TA",17
"01#RDAP#ProvisioningLDAP#RPOW#DEF#TR",17
"01#RDAP#ProvisioningLDAP#TCOG#DEF#TA",17
"01#RDAP#ProvisioningLDAP#TCOG#DEF#TR",17
"01#RHAB#IdentiteDroit##DEF#TA",17
"01#RHAB#IdentiteDroit##DEF#TR",17
"01#RWEB#AttestDroits#testDispoGCOS#1.0#TR",17
"01#SBSE#RWEB_VACCINS#Authentification#V1#TR",17
"21#KDMO#D108#02#V1#TR",17
"01#KDMO#D106#02#V1#TR",16
"01#KPEP#ServiceLiensPersonne#RechLiensPers#V1#TR",16
"01#RWEB#AttestDroits#controleModifAdr#1.0#TR",16
"01#RWEB#AttestDroits#getListPersEligible#1.0#TR",16
"01#RWEB#GestionCompte#verifierCompte#1.0#TR",16
"01#GCAM#simulation#cautionAcquisition#V1#TR",15
"01#GCAM#simulation#mas#V1#TR",15
"01#GRPG#MotDePasse#changerMdpToken#1.0#TR",15
"01#KDMO#D106#01#V1#TR",15
"01#RWEB#Mutation#consultDmdMutation#1.0#TR",15
"21#KDMO#D008##V1#TR",15
"21#KNSO#ServiceOrper#Generique#V1#TR",15
"01#GABO#Abonnement#creerAbonnement#V1#TR",14
"01#GCAM#simulation#recupererOffre#V1#TR",14
"01#GRPG#QuestionSecrete#getQuestSecMdpOubl#1.0#TR",14
"01#KDMO#D008##V1#TR",14
"01#RWEB#DeclarRessources#fiabiliserRessources#1.0#TR",14
"01#RWEB#ModificationCompte#modifTelephone#1.0#TR",14
"01#RWEB#PaiementEnLigne#getPaiements#1.0#TR",14
"01#RWEB#SimulationDevis#devisEnCours#1.0#TR",14
"01#RWEB#YSEOP#recupInfoAdherents#1.0#TR",14
"01#GCAM#simulation#nouvOffreGlobale#V2#TR",13
"01#GSVA#V360#Administratif#V1#TR",13
"01#KDMO#D005#01#V1#TR",13
"01#RWEB#Reference#listerMinistereRELM#1.0#TR",13
"01#RWEB#SimulationDevis#assuranceEmprunteur#1.0#TR",13
"20#CCID#tradIdent###TR",13
"21#KDMO#D111#01#V1#TR",13
"00#RGAB#bureau#getContexte#DEF#TR",12
"01#ACIN#Correction#GetListParamsCtrls#1.0#TR",12
"01#ACIN#MotifAnomalie#MajTableExterne#1.0#TR",12
"01#ACIN#Supervision#GetListParamsCtrls#1.0#TR",12
"01#ACIN#Supervision#GetListTauxCtrleurs#1.0#TR",12
"01#DHPR#DHPR005#01#V1#TR",12
"01#GCAM#simulation#msph#V1#TR",12
"01#GRPG#QuestionSecrete#verifQuesSecMdpOubl#1.0#TR",12
"01#GSVA#V360#Cotisation#V1#TR",12
"01#KPEP#ServiceLiensPersonne#CreaLiensPers#V1#TR",12
"01#RVQZ#Famille#Consultation#V1#TR",12
"01#RWEB#DecomptePdf#getListeDecompte#1.0#TR",12
"01#RWEB#GestionCompte#activationCompte#1.0#TR",12
"01#SGLG#Modification#AttribuerLid#DEF#TR",12
"21#KDMO#D106#02#V1#TR",12
"01#GCAM#simulation#misp#V1#TR",11
"01#GRAL#CreationInteraction#DEF#DEF#TA",11
"01#GRAL#CreationInteraction#DEF#DEF#TR",11
"01#KDMO#D025#01#V1#TR",11
"01#NAIA#ORPER#majUsageDomBanc#1#TR",11
"01#RWEB#Authentification#authEspacePerso#1.0#TR",11
"01#RWEB#SituationPersonnelle#changerSituation#1.0#TR",11
"01#GCAM#simulation#couvInternationale#V2#TR",10
"01#GCAM#simulation#met#V1#TR",10
"01#GRPG#MGENConnect#envoyerInfosReactiv#V1#TR",10
"01#GRPG#MGENConnect#verifReponseSecrete#V1#TR",10
"01#IEDN#Bibliotheque#Modele#V1#TR",10
"01#KDMO#D020#01#V1#TR",10
"01#RWEB#Administration#rechercheDefaut#V1#TR",10
"01#RWEB#Campagne#infoDonneesCampagne#1.0#TR",10
"01#RWEB#CarteDematerialisee#isEligibleCarteAdhRC#1.0#TR",10
"01#RWEB#ConsentementRgpd#hasConsent#1.0#TR",10
"01#RWEB#Coordonnee#validerAdresses#1.0#TR",10
"01#RWEB#ModificationCompte#modifAdresse#1.0#TR",10
"01#RWEB#Opam#validerDeclaration#1.0#TR",10
"01#SBSE#RWEB#saveCallBack#V1#TR",10
"21#KDMO#D106#01#V1#TR",10
"01#GRPG#QuestionSecrete#verifQuestSeDebCmpt#1.0#TR",9
"01#IESD#SuiviModeles#calculerModeles#V1#TR",9
"01#MCOI#SEGMENTATION#RESTITSEGMENTATION#V1#TR",9
"01#RWEB#Vitale#identifiBenefPVD#1.0#TR",9
"01#SBSE#GQPP#GQPP_PEGA#V1#TR",9
"21#KMIR#AIRMIR#Recherche#V1#TR",9
"01#GCAM#aideAuChoix#adherent#V1#TR",8
"01#GGEN#Generation#DEF#DEF#TR",8
"01#GMKT#GSIM#Campagne#V01#TR",8
"01#GRPG#GestionCompte#mettreAJourCompteSSO#1.0#TR",8
"01#KMIR#dossierMutationCH#demandeTmajVitale#V1#TR",8
"01#RWEB#CreationCompte#verifierInfoSecurite#1.0#TR",8
"01#RWEB#MessagerieEnLigne#enregBrouillonConv#1.0#TR",8
"01#SBSE#PublishSubscribe#DepotMessage#V1#TA",8
"21#GAEE#remboursement#rechRembMembres#1.0#TR",8
"01#GRPG#AdresseMail#changerEmail#1.0#TR",7
"01#IEST#IEST_TLCH#DepotMessage#V1#TR",7
"01#KDMO#D012#03##TR",7
"01#KDMO#D017#07##TR",7
"01#KNSO#ServiceExterne#InternetInfoIns#V1#TR",7
"01#RWEB#DemarcheEnLigne#completerDemande#1.0#TR",7
"01#RWEB#SignatureElec#validerCodeSMS#1.0#TR",7
"01#GSVA#V360#DetailsContrat#V1#TR",6
"01#KDMO#D052#02#V1#TR",6
"01#RWEB#GestionCompte#integrerCA#V1#TR",6
"20#KBEN#serviceBenef#lireDroitRc#V1#TR",6
"20#KBEN#serviceBenef#lireDroitRo#V1#TR",6
"20#KBEN#serviceBenef#lireExonerations#V1#TR",6
"21#GAEE#gestionCompte#authentification#1.0#TR",6
"21#KNSO#ServiceExterne#InternetInfoIns#V1#TR",6
"01#FMDT#ServiceMandat#creer#V1#TR",5
"01#GCAM#simulation#nouvOffreRef#V1#TR",5
"01#GROL#RDV#Suppression#V1#TR",5
"01#IEDN#Communication#Mail#V1#TR",5
"01#KDMO#D106#05#V1#TR",5
"01#NAIA#REFERENTIEL#infosPersonnes#1#TR",5
"01#NCIS#ServiceExterne#AssisteurPS#1#TR",5
"01#NGTA#MAJ_PERSONNE#UpdateDC#1#TR",5
"01#RWEB#Authentification#authMobile#2.0#TR",5
"01#RWEB#CarteDematerialisee#getCarteAdhRC#1.0#TR",5
"01#RWEB#CreationCompte#creaAutoCompteAdh#1.0#TR",5
"01#RWEB#GestionCompte#envoyerInfosReactiv#1.0#TR",5
"01#RWEB#InfosCompte#controleCompte#1.0#TR",5
"01#RWEB#ProfessionnelsSante#getDeltaOrion#1.0#TR",5
"01#SBSE#RPAI#AppelMonext#V1#TR",5
"21#KDMO#D005#01#V1#TR",5
"21#RELM#Ministere#getMinisteres#V1#TR",5
"01#ACIN#Alimentation#GetListParamsCtrls#1.0#TR",4
"01#GABO#Abonnement#modifierAbonnement#V1#TR",4
"01#GCME#Courriel#Entrant#V1#TA",4
"01#GCME#Courriel#Entrant#V1#TR",4
"01#GGMG#ServicesRecherche#Mails#V1#TR",4
"01#GRAL#InteractionEmail#DEF#DEF#TA",4
"01#GRAL#InteractionEmail#DEF#DEF#TR",4
"01#MCOI#SIMULATEUR#ELIGIBILITE#V1#TR",4
"01#NGTA#MAJ_PERSONNE#CreatePostalAddress#1#TR",4
"01#RGID#recherchePersonne#parOrganisation#DEF#TR",4
"01#RPAI#Commande#assoTokenCommande#V1#TR",4
"01#RPAI#Commande#getNumCommande#V1#TR",4
"01#RWEB#DemandeRembsmt#envoyerDemande#1.0#TR",4
"01#RWEB#DemarcheEnLigne#changerEtatLu#1.0#TR",4
"01#RWEB#GestionCompte#verifierCompte#2.0#TR",4
"01#RWEB#PaiementEnLigne#assoTokenCommande#1.0#TR",4
"01#RWEB#PaiementEnLigne#getNumCommande#1.0#TR",4
"21#KDMO#D023#01#V1#TR",4
"01#CPFJ#simulation#nouvOffreRef#V1#TR",3
"01#DHPR#DHPR001#01#V1#TR",3
"01#GRPG#InfosCompte#recupEmailCpt#1.0#TR",3
"01#GRPG#MGENConnect#recupInfoCptRASM#1.0#TR",3
"01#KDMO#D008#01#V1#TR",3
"01#KNSO#ServiceOrper#Str_Insee#V2#TR",3
"01#NAIA#GESDAM#lireDateAccident#1#TR",3
"01#NGTA#MAJ_PERSONNE#ModifyPostalAddress#1#TR",3
"01#RPAI#paiement#getPaiements#V1#TR",3
"01#RVQB#Creances#Supervision#V1#TR",3
"01#RVQZ#DemandeCreance#CreaMaj#V1#TR",3
"01#RWEB#AboNewsletter#creerAbonnement#1.0#TR",3
"01#RWEB#Cotisations#getUrlEcheancier#1.0#TR",3
"01#RWEB#Divers#contactPJ#1.0#TR",3
"01#RWEB#ModificationCompte#modifEmail#1.0#TR",3
"01#RWEB#Reference#listerListes#1.0#TR",3
"01#RWEB#WebCallback#etreRappele#1.0#TR",3
"01#SBSE#RWEB_VACCINS#SuppressionCompte#V1#TR",3
"01#SGLG#Modification#DesattribuerLid#DEF#TR",3
"21#FMDT#ServiceMandat#creer#V1#TR",3
"21#KDMO#D106#04#V1#TR",3
"01#ACIN#Alimentation#ChargeChargement#1.0#TR",2
"01#GABO#Abonnement#desabonnerComplet#V1#TR",2
"01#GCAM#devis#genereBA#V2#TR",2
"01#GCAM#simulation#complementAutonomie#V1#TR",2
"01#GRPG#Reference#ajouterReferenceSSO#1.0#TR",2
"01#GRPG#Reference#verifierReference#1.0#TR",2
"01#GSEC#ServiceExterne#GestionContrats#V1#TR",2
"01#IESD#SuiviDemandes#lireStatsCentre#V1#TR",2
"01#IEST#IEST_MAIL#DepotMessage#V1#TR",2
"01#KDMO#D001#01#V1#TR",2
"01#KDMO#D009#02##TR",2
"01#KDMO#D020#03#V1#TR",2
"01#KDMO#D061#01#V1#TR",2
"01#KIDB#ServiceIDB#Interrogation#V1#TR",2
"01#KMIR#dossierMutationCH#creerDossierMutation#V1#BF",2
"01#LAMC#LDCL#MajIDB#DEF#TA",2
"01#LAMC#LDCL#MajIDB#DEF#TR",2
"01#MPRJ#AppelService#RechListEvenSsDoss#V1#TR",2
"01#NGTA#MAJ_PERSONNE#ModifyBankAccount#1#TR",2
"01#RADH#AdhesionFilia#EnregFinal#V2#TR",2
"01#RADH#AdhesionFilia#EnregPartiel#V2#TR",2
"01#RPAI#paiement#getDetails#V1#TR",2
"01#RQAP#Telephone#ping#V1#TR",2
"01#RVQA#Personnes#Supervision#V1#TR",2
"01#RWEB#Cotisations#recupererCotisations#2.0#TR",2
"01#RWEB#DemandeRembsmt#getMatriceTypeSoin#1.0#TR",2
"01#RWEB#GestionCompte#migrationCompteSSO#1.0#TR",2
"01#RWEB#PaiementEnLigne#getDetails#1.0#TR",2
"01#RWEB#PaiementEnLigne#initPaiement#1.0#TR",2
"01#RWEB#Reference#listerTypeEtab#1.0#TR",2
"01#RWEB#Remboursement#detailDecompte#1.0#TR",2
"01#SBSE#DOD_CapPhone#ping#V1#TR",2
"01#SBSE#RWEB_VACCINS#CreationCarnet#V1#TR",2
"01#SBSE#RWEB_VACCINS#CreationCompte#V1#TR",2
"01#TGED#GED#DocsDossierAdherent#1.0#TR",2
"03#CEGA#Evenement#ReceptEvtEAI#V1#TR",2
"21#KDMO#D051#03#V1#TR",2
"21#KDMO#D106#05#V1#TR",2
"21#KNSM#ServiceEAI#Recevoir#V1#TR",2
"00#TGED#GED#MajDateSuppression#1.0#TR",1
"01#CEAI#KDMO_IDPE#DepotMessage#V1#TA",1
"01#CPFJ#client#getClient#V1#TR",1
"01#DHPR#DHPR002#01#V1#TR",1
"01#DHPR#WS#RechDecompte#V1#TR",1
"01#GCAM#simulation#nouvOffreRef#V2#TR",1
"01#GRAL#CAMTOPEGA#DEF#DEF#TR",1
"01#GRPG#DoubleAuth#envoyerCode#1.0#TR",1
"01#GRPG#DoubleAuth#verifierCode#1.0#TR",1
"01#GRPG#MGENConnect#desappairerCptRASM#1.0#TR",1
"01#GRPG#MGENConnect#reinitMotDePasse#V1#TR",1
"01#GSEC#ServiceExterne#modificationPersonne#V1#TR",1
"01#GSVA#V360#Remboursement#V1#TR",1
"01#IEDN#Communication#ImpressionLocale#V1#TR",1
"01#IEDN#Communication#ImpressionNSI#V1#TR",1
"01#IESD#SuiviDemandes#rechercherNotifs#V1#TR",1
"01#KDMO#D009#01##TR",1
"01#KDMO#D017#06##TR",1
"01#KNSO#ServiceExterne#GestInstInfo#V1#TR",1
"01#KPEP#ServicePersonne#ModifPers#V1#TR",1
"01#MPRJ#AppelService#ModifierSousDossier#V1#TR",1
"01#NGTA#MAJ_PERSONNE#CreateBankAccount#1#TR",1
"01#RDAP#recherche#LSWM#DEF#TR",1
"01#RHAB#IdentiteDroit###TR",1
"01#RUNI#etbBancaire#getEtbBancaire#V1#TR",1
"01#RVQA#Personne#Consultation#V1#TR",1
"01#RVQZ#Demande#Supervision#V1#TR",1
"01#RWEB#Administration#desappairerCptRasm#1.0#TR",1
"01#RWEB#AttestDroits#getAttestDroitsRO#1.0#TR",1
"01#RWEB#Authentification#recupProfilAdherent##TR",1
"01#RWEB#ChangementOffre#getMontantsOffrePar#1.0#TR",1
"01#RWEB#DecomptePdf#getFluxPdf#1.0#TR",1
"01#RWEB#DomBancaire#getListeDomBanc#1.0#TR",1
"01#RWEB#DomBancaire#modifierDomBancaire#1.0#TR",1
"01#RWEB#Garanties#getGarantiesMobile#1.0#TR",1
"01#RWEB#GestionAbonnement#creerAbonnement#1.0#TR",1
"01#RWEB#GestionAbonnement#supprimerAbonnement#1.0#TR",1
"01#RWEB#GestionCompte#appairageMgenConnect#1.0#TR",1
"01#RWEB#MessagerieEnLigne#recupererMessages##TR",1
"01#RWEB#ModificationCompte#modifOptionsCnil#1.0#TR",1
"01#VSCC#DemandeCarteCeam#enregistrerDemande#V1#TR",1
"01#VSCD#DeclarationPVCEAM#calculerEligibilite#V1#TR",1
"20#RHAB#Habilitation#getRhabHabilitation##TR",1
"20#RHAB#ProfilEmploye#getNumLiquidateur##TR",1
"21#CEAI#GAEE_IDPE#DepotMessage#V1#TA",1
"21#CEAI#KDMO_IDPE#DepotMessage#V1#TA",1
"21#DHPR#DHPR001#01#V1#TR",1
"21#GAEE#gestionCoordonnees#modifEmail#1.0#TR",1
"21#KDMO#D017#07##TR",1
"21#KRUS#ServiceDynamique#LienERMSD#V1#TR",1
"21#LPAS#Appel_ESB#DECLARE#V1#TA",1
"21#RDAP#recherche#RMID#DEF#TR",1
"21#RUNI#etbBancaire#getEtbBancaire#V1#TR",1
